{
  "main": "acme-banking-api.yaml",
  "name": "ACME Banking API",
  "classifier": "oas",
  "tags": [],
  "descriptorVersion": "1.0.0",
  "groupId": "30c8b3a8-c5c0-47a2-94c4-7c4971e21644",
  "assetId": "acme-banking-api",
  "version": "1.0.2",
  "dependencies": [
    {
      "groupId": "30c8b3a8-c5c0-47a2-94c4-7c4971e21644",
      "assetId": "banking-datatypes",
      "version": "1.0.0",
      "classifier": "oas-components",
      "packaging": "zip"
    }
  ],
  "organizationId": "30c8b3a8-c5c0-47a2-94c4-7c4971e21644",
  "apiVersion": "v1",
  "originalFormatVersion": "3.0"
}